Biome,Denit_percent,BNF_percent,Area_percent
Barren,0.363636364,2.173913043,1.297466615
DBF,4,8.650362319,2.20291884
EBF,49.63636364,69.20289855,28.14885281
Grassland,7.636363636,5.344202899,29.43770328
Mixed Forests,0,0.452898551,1.119472861
Permanent Wetlands and Coastal,24,2.626811594,0.721520489
Savannas and Shrublands,14.36363636,11.54891304,37.0720651